Query Rewriting,Re-ranking,answer_relevancy,context_precision,context_recall,video_accuracy
False,False,0.6477910615880288,0.5036616161378924,0.5151515151515151,0.46969696969696967
True,False,0.5592597709388788,0.47171717170062705,0.5454545454545454,0.4242424242424242
False,True,0.5601035663381605,0.4545454545,0.36363636363636365,0.46969696969696967
True,True,0.5569146403771893,0.4545454545,0.3181818181818182,0.4242424242424242
